{"-36.473": 0.0002867588894697193, "-34.444": 0.00028795229356027885, "-32.415": 0.00028839488452293274, "-30.386": 0.000288788773313129, "-28.356": 0.00028962211707270885, "-26.327": 0.0002904048124293917, "-24.298": 0.0002912369083934434, "-22.269": 0.00029187436880133514, "-20.24": 0.0002925832583699865, "-18.21": 0.0002935365063637869, "-16.181": 0.00029448542720787025, "-14.152": 0.00029518765090107276, "-12.123": 0.0002958837063446291, "-10.094": 0.00029678589884885124, "-8.065": 0.00029778867702376117, "-6.035": 0.0002982483589147102, "-4.006": 0.00029932696087331726, "-1.977": 0.0003003146722521304, "0.052": 0.0003009713504094179, "2.081": 0.0003304604666733772, "4.111": 0.0003982741758265067, "6.14": 0.0004097168244142436, "8.169": 0.00041874493353156864, "10.198": 0.000422140277997804, "12.227": 0.0004241412894589709, "14.257": 0.00042590767938367416, "16.286": 0.0004275569956222276, "18.315": 0.0004289562430879679, "20.344": 0.0004302743679180189, "22.373": 0.00043165902168561623, "24.402": 0.00043312742414353654, "26.432": 0.00043429099783549304, "28.461": 0.0004357064767739557, "30.49": 0.0004370280682905673, "32.519": 0.0004382680181807123, "34.548": 0.00043971706092177533, "36.578": 0.00044074411954485434, "38.607": 0.0004414680472786286, "40.636": 0.00043941835459490635, "42.665": 0.0004373920579341267, "44.694": 0.0004381999028097148, "46.724": 0.0004391399319375199, "48.753": 0.00044031664145574746, "50.782": 0.00044148193927556084, "52.811": 0.0004426402928395751, "54.84": 0.00044424293422432937, "56.87": 0.00044602604647258357, "58.899": 0.0004498588445787572, "60.928": 0.0004513093305068517, "62.957": 0.0004516860623932259, "64.986": 0.0004508677681849092, "67.015": 0.0004519574893761133, "69.045": 0.00045306943719781317, "71.074": 0.0004542893997740641, "73.103": 0.0004552944138795829, "75.132": 0.0004563380550520622, "77.161": 0.0004574412650128762, "79.191": 0.00045849573158185386, "81.22": 0.00045970770954605847, "83.249": 0.00046093746122511287, "85.278": 0.0004621135891470257, "87.307": 0.00046350700571675725, "89.337": 0.000464611611438852, "91.366": 0.000465908056241874, "93.395": 0.00046708498151955816, "95.424": 0.0004681881253580371, "97.453": 0.00046922270495376836, "99.482": 0.00047035899456476647, "101.512": 0.00047141928575766834, "103.541": 0.0004725475783397207, "105.57": 0.000473862795467489, "107.599": 0.0004749842487257211, "109.628": 0.0004759782365640876, "111.658": 0.0004770626913689196, "113.687": 0.0004782214324842758, "115.716": 0.00047937174149549177, "117.745": 0.00048042824224593905, "119.774": 0.00048172331288996934, "121.804": 0.00048303588746403963, "123.833": 0.00048410515378305674, "125.862": 0.00048536193072963157, "127.891": 0.0004864018124962359, "129.92": 0.00048747708816910564, "131.95": 0.0004888062229317108, "133.979": 0.0004898322503484397, "136.008": 0.0004913759078285683, "138.037": 0.0004925948686005113, "140.066": 0.0004937294132194136, "142.095": 0.0004951010941759966, "144.125": 0.0004965334965645055, "146.154": 0.0004979119814603933, "148.183": 0.0004993423178534182, "150.212": 0.0005004823950612965, "152.241": 0.0005019872361708489, "154.271": 0.0005032025752123718, "156.3": 0.0005047328229196193, "158.329": 0.0005554719981334505}