{"-36.473": 0.0002591304936843704, "-34.444": 0.00025967731094804524, "-32.415": 0.0002606639507944976, "-30.386": 0.00026130855303240776, "-28.356": 0.0002621197822147527, "-26.327": 0.0002627691686185098, "-24.298": 0.0002636959381921383, "-22.269": 0.00026453697504121574, "-20.24": 0.0002654322100049054, "-18.21": 0.00026636994956614503, "-16.181": 0.00026694177049176656, "-14.152": 0.00026747870062570657, "-12.123": 0.00026835316598537566, "-10.094": 0.00026924882375991405, "-8.065": 0.00027014641013216415, "-6.035": 0.00027072316646570185, "-4.006": 0.0002717448205462918, "-1.977": 0.000272646142462462, "0.052": 0.000274607023005997, "2.081": 0.00031726340055088464, "4.111": 0.00037587760935892166, "6.14": 0.00037668832875384166, "8.169": 0.0003679064224138506, "10.198": 0.0003694767471001583, "12.227": 0.00037125592360416664, "14.257": 0.0003731028599717189, "16.286": 0.0003746935825061897, "18.315": 0.0003761569953738494, "20.344": 0.0003776761375773115, "22.373": 0.0003791292577535427, "24.402": 0.0003804254432512552, "26.432": 0.0003817803197641637, "28.461": 0.00038313570017311236, "30.49": 0.00038453845179290335, "32.519": 0.0003857474593703841, "34.548": 0.0003867880409906321, "36.578": 0.00038533920154783295, "38.607": 0.0003848736450239093, "40.636": 0.0003855530155967079, "42.665": 0.00038626400253750426, "44.694": 0.0003873107973065272, "46.724": 0.00038816860554539924, "48.753": 0.00038915977629478256, "50.782": 0.0003906049268611174, "52.811": 0.00039190191616967084, "54.84": 0.00039554509437506275, "56.87": 0.000394225955308425, "58.899": 0.0003958573273345489, "60.928": 0.0003960390447564242, "62.957": 0.00039709141616457114, "64.986": 0.0003982746321212185, "67.015": 0.0003990255405864036, "69.045": 0.0004001212126491365, "71.074": 0.00040087427448293086, "73.103": 0.0004017394655092136, "75.132": 0.000402627878073759, "77.161": 0.000403468748743568, "79.191": 0.00040444707009135053, "81.22": 0.0004051769494296333, "83.249": 0.0004061434058295395, "85.278": 0.0004072915648186601, "87.307": 0.00040855682270141613, "89.337": 0.0004095025387215718, "91.366": 0.00041060496324994797, "93.395": 0.0004118285460381126, "95.424": 0.0004131462265728579, "97.453": 0.00041418360186376205, "99.482": 0.00041536746662706683, "101.512": 0.0004167688680911012, "103.541": 0.00041853383625354776, "105.57": 0.0004190886115482996, "107.599": 0.0004201341453998131, "109.628": 0.0004212378793892463, "111.658": 0.00042267690693612915, "113.687": 0.0004235762486920982, "115.716": 0.00042485710159370426, "117.745": 0.0004259688594784899, "119.774": 0.000427245996292846, "121.804": 0.0004281777894276479, "123.833": 0.00042949282227625865, "125.862": 0.0004309184153223803, "127.891": 0.0004318846125005149, "129.92": 0.0004330741756619199, "131.95": 0.00043420600938800217, "133.979": 0.00043554080137164433, "136.008": 0.0004366575609643919, "138.037": 0.0004378638739985563, "140.066": 0.00043933715654877756, "142.095": 0.0004404662850954945, "144.125": 0.00044159335390943203, "146.154": 0.00044282500874218465, "148.183": 0.00044407789834122777, "150.212": 0.00044509697410480037, "152.241": 0.0004464915584760208, "154.271": 0.000447733860812129, "156.3": 0.0004491753788257002, "158.329": 0.000450380625689007, "160.358": 0.0004519284886567794, "162.387": 0.00045300249743224767, "164.417": 0.0004541557168175732, "166.446": 0.00045540741377208475, "168.475": 0.0004565132226262733, "170.504": 0.0004578478354160013, "172.533": 0.00045916890774945506, "174.563": 0.0004605647991458173, "176.592": 0.0004617731121866061, "178.621": 0.0004628905342645527, "180.65": 0.0004642846890500294, "182.679": 0.0004654333584677722, "184.708": 0.00046695408000563287, "186.738": 0.0004680457607450871, "188.767": 0.0004692126789039753, "190.796": 0.0004703558017178204, "192.825": 0.0004716828861268172, "194.854": 0.0004728466219617481, "196.884": 0.0004742175772064515, "198.913": 0.00047506929213914615, "200.942": 0.0004765977668013974, "202.971": 0.0004778960515840739, "205.0": 0.0004788996090061439, "207.03": 0.0004800875029729902, "209.059": 0.00048119912597851855, "211.088": 0.000482436287952208, "213.117": 0.00048364991296285186, "215.146": 0.00048484837755841684, "217.175": 0.0004863478866548894, "219.205": 0.00048756541102992117, "221.234": 0.0004889602828511339, "223.263": 0.0004899418925995861, "225.292": 0.0004913112355116432, "227.321": 0.0004926941636591414, "229.351": 0.0004938425776135933, "231.38": 0.000494875618606391, "233.409": 0.0004963583651406066, "235.438": 0.0004975588005751222, "237.467": 0.000499061217094696, "239.497": 0.0005004097808950807, "241.526": 0.0005018301786657278, "243.555": 0.0005029316921904643, "245.584": 0.0005046117774926832, "247.613": 0.0005057880214398346, "249.643": 0.0005070867164802576, "251.672": 0.0005084928975144264, "253.701": 0.0005100571898685922, "255.73": 0.0005111042224500814, "257.759": 0.0005125970021883547, "259.788": 0.0005139750931274825, "261.818": 0.0005152078924290709, "263.847": 0.0005165933343368961, "265.876": 0.0005180512637227508, "267.905": 0.000519324989519266, "269.934": 0.0005207279638987053, "271.964": 0.0005220643911790486, "273.993": 0.0005236814976508686, "276.022": 0.0005249271535042934, "278.051": 0.000526595412746148, "280.08": 0.000528566498137471, "282.11": 0.0005298112450307906, "284.139": 0.0005305865168017279, "286.168": 0.0005320589116705596, "288.197": 0.0005333262772088937, "290.226": 0.0005346774037897663, "292.255": 0.0005360840542414463, "294.285": 0.0005374533273506395, "296.314": 0.0005387376129067393, "298.343": 0.0005403952396336789, "300.372": 0.0005418541127512232, "302.401": 0.0005428998857453841, "304.431": 0.0005443083471014632, "306.46": 0.0005460208705673375, "308.489": 0.0005471844734159758, "310.518": 0.000548423285849132, "312.547": 0.0005498753193670514, "314.577": 0.0005509650953159509, "316.606": 0.0005526316955920662, "318.635": 0.0005542612811088388, "320.664": 0.000555690985710265, "322.693": 0.000557192904849124, "324.723": 0.0005585780739574807, "326.752": 0.0005601440215697332, "328.781": 0.0005614300459570052, "330.81": 0.0005631653118668505, "332.839": 0.0005643730362826101, "334.868": 0.0005658524501160306, "336.898": 0.0005672074647589868, "338.927": 0.0005685721081073545, "340.956": 0.0005699404080701004, "342.985": 0.0005714670148481239, "345.014": 0.0005732414017682807, "347.044": 0.0005745932086080951, "349.073": 0.0005761421318162225, "351.102": 0.0005777231221101121, "353.131": 0.0005790748538708945, "355.16": 0.0005806242339911208, "357.19": 0.0005823951763126735, "359.219": 0.0005837300683967126, "361.248": 0.0005855097204681239, "363.277": 0.0005870099523549626, "365.306": 0.0005883381078343958, "367.336": 0.0005900874303092391, "369.365": 0.0005914716488076662, "371.394": 0.0005930120567396893, "373.423": 0.0005946239709542442, "375.452": 0.0005963796096325747, "377.481": 0.0005974214855973528, "379.511": 0.0005991433270291748, "381.54": 0.000600661617744707, "383.569": 0.0006022652675960257, "385.598": 0.0006040447903962212, "387.627": 0.0006057305988913363, "389.657": 0.0006073219299540776, "391.686": 0.0006089486967350473, "393.715": 0.0006108104885295589, "395.744": 0.000612526544626503, "397.773": 0.0006140408458744623, "399.803": 0.0006158018755302913, "401.832": 0.0006176067433946535, "403.861": 0.0006190822673792155, "405.89": 0.0006210312633867977, "407.919": 0.0006227399218070855, "409.948": 0.0006241041353746376, "411.978": 0.0011233480025277355}